/*
 Navicat Premium Data Transfer

 Source Server         : localhost
 Source Server Type    : MySQL
 Source Server Version : 100121
 Source Host           : 127.0.0.1:3306
 Source Schema         : my_tool

 Target Server Type    : MySQL
 Target Server Version : 100121
 File Encoding         : 65001

 Date: 28/05/2018 09:19:15
*/

SET NAMES utf8mb4;
SET FOREIGN_KEY_CHECKS = 0;

-- ----------------------------
-- Table structure for news
-- ----------------------------
DROP TABLE IF EXISTS `news`;
CREATE TABLE `news`  (
  `news_id` int(11) NOT NULL AUTO_INCREMENT,
  `news_category_id` int(11) NOT NULL,
  `image` varchar(255) CHARACTER SET utf8 COLLATE utf8_unicode_ci NULL DEFAULT NULL,
  `title` varchar(255) CHARACTER SET utf8 COLLATE utf8_general_ci NULL DEFAULT NULL,
  `summary` text CHARACTER SET utf8 COLLATE utf8_general_ci NULL,
  `content` text CHARACTER SET utf8 COLLATE utf8_general_ci NULL,
  `view_count` int(11) NULL DEFAULT NULL,
  `status` varchar(1) CHARACTER SET latin1 COLLATE latin1_swedish_ci NULL DEFAULT NULL,
  `crt_date` datetime(0) NULL DEFAULT NULL,
  `crt_by` int(11) NULL DEFAULT NULL,
  `mod_date` datetime(0) NULL DEFAULT NULL,
  `mod_by` int(11) NULL DEFAULT NULL,
  PRIMARY KEY (`news_id`) USING BTREE
) ENGINE = InnoDB AUTO_INCREMENT = 9 CHARACTER SET = latin1 COLLATE = latin1_swedish_ci ROW_FORMAT = Compact;

-- ----------------------------
-- Records of news
-- ----------------------------
INSERT INTO `news` VALUES (1, 1, 'upload/images/news/con-nguoi-bat-trang.jpg', 'Lịch sử hình thành làng gốm Bát Tràng Thế kỉ 19 đến nay', '', '<p><span id=\"ctl00_ContentPlaceHolder1_LabelDetail\"><span class=\"userContent\">Trong thời Pháp thuộc, các lò gốm Bát Tràng tuy bị một số xí nghiệp gốm sứ và hàng ngoại nhập cạnh tranh nhưng vẫn duy trì được hoạt động bình thường.<br />Sau Chiến tranh Đông Dư<span class=\"text_exposed_show\">ơng (1945–1954), năm 1957, 10 cá nhân là địa chủ, con địa chủ của thôn Bát Tràng(sau cải cách ruộng đất năm 1955) góp vốn thành lập công ty gốm Trường Thịnh, để sản xuất gốm sứ dân dụng phục vụ xã hội, đây là nền tảng khởi đầu cho Xí nghiệp sứ Bát Tràng. Năm 1958 nhà nước làm công tư hợp doanh, chuyển đổi công ty gốm Trường Thịnh thành Xí nghiệp sứ Bát Tràng, thuê công nhân thôn Bát Tràng vào làm việc. Với cơ sở vật chất đầy đủ, nhân công Bát Tràng được thử nghiệm, thực hành, sáng tạo trên cơ sở sự chịu khó, cần cù đã tạo nên được một thế hệ có tay nghề gốm vững chãi. Cùng lúc đó một số hợp tác xã như Hợp Thành (1962), đóng ở phần đất gần với xã Đa Tốn, Hưng Hà (1977), Hợp Lực (1978), Thống Nhất (1982), Ánh Hồng (1984) và Liên hiệp ngành gốm sứ (1984)Xí nghiệp X51, X54 (1988)... Các cơ sở sản xuất trên cung cấp hàng tiêu dùng trong nước, một số hàng mĩ nghệ và một số hàng xuất khẩu. Những nghệ nhân nổi tiếng như của Bát Tràng như Đào Văn Can, Nguyễn Văn Khiếu, Lê Văn Vấn, Lê Văn Cam... đào tạo được nhiều thợ gốm trẻ cung cấp cho các lò gốm mới mở ở các tỉnh.<br />Sau năm 1986 làng gốm Bát Tràng có sự chuyển biến lớn theo hướng kinh tế thị trường. Các hợp tác xã lần lượt giải thể hoặc chuyển thành công ty cổ phần, những công ty lớn được thành lập nhưng vẫn còn tồn tại nhiều tổ sản xuất và phổ biến là những đơn vị sản xuất nhỏ theo hộ gia đình. Xã Bát Tràng nay đã trở thành một trung tâm gốm lớn.<br />Hiện nay, sản phẩm gốm Bát Tràng càng ngày càng phong phú và đa dạng. Ngoài các mặt hàng truyền thống, các lò gốm Bát Tràng còn sản xuất nhiều sản phẩm mới đáp ứng yêu cầu tiêu dùng trong Việt Nam như các loại ấm chén, bát đĩa, lọ hoa... kiểu mới, các vật liệu xây dựng, các loại sứ cách điện... và các sản phẩm xuất khẩu theo đơn đặt hàng của nước ngoài. Sản phẩm Bát Tràng có mặt trên thị trường cả nước và được xuất khẩu sang nhiều nước châu Á, châu Âu. Bát Tràng cuốn hút nhiều nhân lực từ khắp nơi về sáng tác mẫu mã mới và cải tiến công nghệ sản xuất. Một số nghệ nhân đã bước đầu thành công trong việc khôi phục một số đồ gốm cổ truyền với những kiểu dáng và nước men đặc sắc thời Lý, Trần, Lê, Mạc...</span></span> </span></p>', 23, 'A', '2016-12-18 20:19:10', 1, '2017-08-09 14:46:50', 1);
INSERT INTO `news` VALUES (2, 1, 'upload/images/news/con-nguoi-bat-trang.jpg', 'Văn Từ Bát Tràng', '', '<p>Văn Từ Bát Tràng tên dân gian Bát Tràng quen gọi là Văn Chỉ Bát Tràng, được dựng ngay phía sau Đình Bát Tràng theo lối kiến trúc chữ nhị. Hậu cung là tòa nhà 3 gian, nơi có ban thờ Khổng Tử và 72 vị thánh hiền. Phía trước <span class=\"text_exposed_show\">là tòa Đại Bái 5 gian. Cổng Văn từ xây theo kiến trúc Khuê Văn Các tại Hà Nội. Văn Từ cũng nơi làng Bát Tràng tôn vinh 1 Trạng nguyên, 3 Quận công, 9 tiến sỹ 364 vị khoa bảng của làng khi xưa.<br /><br />Những năm 90 của thế kỷ XX Văn Từ Bát Tràng được dùng làm lớp học. Hiện nay, Văn Từ Bát Tràng là ngoài là nơi thờ tự còn là nơi khuyến học, nơi hội họp của Hội người Cao Tuổi thôn Bát Tràng.</span></p>', 11, 'A', '2016-12-20 20:19:50', 1, '2016-12-24 09:24:33', 1);
INSERT INTO `news` VALUES (3, 1, 'upload/images/news/con-nguoi-bat-trang.jpg', 'Hội làng Bát Tràng', NULL, '<p>Trước đây, Bát Tràng vào đám từ ngày 15 đến ngày 22 tháng hai âm lịch. Nay đã được rút gọn, thường chỉ diễn ra vào hai ngày 14, 15 tháng hai âm lịch. Trước Tết, vào ngày 25 tháng Chạp, làng đem lễ vật đến làng Đuốc (làng<span class=\"text_exposed_show\"> kết chạ với Bát Tràng) xin chặt tre làm cây nêu. Ngày 7 tháng Giêng làm lễ hạ nêu. Cây tre làm nêu được dùng để chẻ tăm, vót đũa. Trước khi vào đám độ 10 ngày, làng tổ chức lễ rước nước từ sông Hồng để bao sái bài vị thần ở ngôi miếu bên sông. Sau đó dân làng rước bài vị thần ra đình tế lễ. Khi tế, các họ được rước Tổ của mình ra phối hưởng. Họ Nguyễn Ninh Tràng (họ đầu tiên đến làng Bát Tràng) được rước bát hương có lọng che vàng đi ở giữa. Các họ khác rước bát hương có lọng che xanh đi né sang hai bên. Khi tế, chỉ có các vị khoa mục (những người đỗ đạt) mới được vào đình, còn các hào mục (những chức dịch trong làng) đứng ngoài hầu lễ. Bát Tràng còn lệ giữ nghiêm ngôi thứ. Tại đình trải 4 chiếu cạp điều. Có chiếu dành cho các vị đậu tiến sĩ, có chiếu dành cho võ quan được phong tước công, có chiếu dành cho các cụ thọ từ 100 tuổi trở lên. Có năm không đủ người, chiếu nào trống thì làng đặt một cây đèn, chai rượu, đĩa trầu cau vào giữa chiếu để thờ vọng. Hằng năm vào ngày Rằm tháng hai, ngày đầu tiên vào đám, làng biện lễ cúng Thành hoàng gồm một con trâu tơ thật béo, thui vàng rồi đặt lên một chiếc bàn lớn sơn son, kèm theo 6 mâm cỗ và 4 mâm xôi. Tế xong, các quan viên chức sắc, đại diện 20 dòng họ cùng thụ lộc[2]. Hội Bát Tràng có nhiều trò diễn, độc đáo nhất là trò chơi cờ người và hát thờ. Theo lệ, trước hội, làng chọn lấy 2 bà tướng cờ là những người phẩm hạnh, giàu có nhất trong làng. Mỗi bà tướng nhận 16 thiếu nữ tuổi từ 10 đến 15 xinh đẹp, nết na nuôi ăn uống và may cho áo quần thật đẹp. Các cô được rèn tập làm quân cờ trong một tháng mới được ra biểu diễn thi đấu ở sân đình.</span></p>', 16, 'A', '2016-12-20 20:20:17', 1, '2016-12-24 14:29:07', 1);
INSERT INTO `news` VALUES (4, 1, 'upload/images/news/con-nguoi-bat-trang.jpg', 'Lịch sử làng gốm sứ Bát Tràng', '', '<p>Gốm Bát Tràng là tên gọi chung cho các loại đồ gốm được sản xuất tại làng Bát Tràng, thuộc xã Bát Tràng, huyện Gia Lâm, Hà Nội.</p>\r\n<p>Theo nghĩa Hán Việt, chữ Bát (鉢) là bát ăn của nhà sư (tiếng Phạn là Patra), chữ Tràng (場, còn đọc là Trường) nghĩa là \"cái sân lớn\", là mảnh đất dành riêng cho chuyên môn. Theo các cụ già trong làng kể lại, chữ Bát bên trái là bộ \"Kim-金\" ví với sự giàu có, \"本-bản\" có nghĩa là cội nguồn, nguồn gốc. Dùng chữ Bát như vậy để khuyên răn con cháu \"có nghề có nghiệp thì cũng không được quên gốc\". Hiện nay, tại các đình, đền và chùa ở Bát Tràng đều vẫn còn các chữ Bát Tràng được viết bằng chữ Hán là 鉢場.</p>\r\n<p>Theo sử biên niên có thể xem thế kỷ 14-15 là thời gian hình thành làng gốm Bát Tràng.</p>', 70, 'A', '2016-12-22 20:22:56', 1, '2017-08-28 22:19:25', 1);
INSERT INTO `news` VALUES (5, 3, 'upload/images/news/con-nguoi-bat-trang.jpg', 'Con người Bát tràng', '', '<p><strong>Sản phẩm gốm sứ Bát Tràng đã được biết đến từ rất lâu, trước đây việc bán hàng mang tính thụ động, có nghĩa là đợi khách hàng đến với mình , ngày nay Bát tràng đã có nhiều hình thức bán hàng khác nhau để làm giầu cho quê hương.<br /><br /><br /><img src=\"http://gomsubattrang.com/UserFiles/image/con-nguoi-bat-trang1.jpg\" alt=\"\" width=\"500\" height=\"499\" /><br /><br /><br />Với hình thức giới thiệu sản phẩm trên internet, hiện nay Bát Tràng đã có hàng trăm website giới thiệu sản phẩm của mình trên internet <br />Chúng tôi cập nhật sau đây các doanh nghiệp đang bán hàng trên internet:<br /><strong><a href=\"http://gomsubattrang.com/gian-hang/gomphuvinh/san-pham-s/coc-su-_35.aspx\">Các loại cốc sứ đẹp và rẻ </a></strong></strong></p>', 13, 'A', '2016-12-22 20:26:04', 1, '2017-07-26 09:20:33', 1);
INSERT INTO `news` VALUES (6, 3, 'upload/images/news/con-nguoi-bat-trang.jpg', 'Gốm sứ Bát Tràng, niềm tự hào cho người Việt Nam', '', '<p>Trong vòng xoáy của nhịp sống mới, có những làng nghề ở Hà Nội chỉ còn tồn tại trong thơ ca, nhạc hoạ và trong ký ức của người Hà Nội. Nhưng, cũng có những làng nghề truyền thống còn tồn tại và đang cố gắng tìm những lối đi mới. Làng <strong>gốm sứ  Bát Tràng</strong>là một điển hình cho sự nhạy bén bắt kịp thị hiếu khách hàng hiện đại.<br /><img src=\"http://gomsubattrang.com/UserFiles/image/lang-gom-bat-trang.jpg\" alt=\"làng gốm bát tràng\" width=\"500\" height=\"332\" /></p>\r\n<p> </p>\r\n<p>Đến thăm làng <strong>gốm sứ Bát Tràng</strong> hôm nay, khách hàng có thể nhận thấy rất rõ sự nhạy bén của những người thợ gốm, họ đã làm mới mình để hoà nhập vào cuộc sống hiện đại. Hiện nay, những sản phẩm như lọ hoa, ấm chén...của Bát Tràng được làm thủ công với những mẫu men cổ truyền như trắng, xanh tím, hoa văn thô sơ đã nhường chỗ cho những sản phẩm đẹp mang tính nghệ thuật cao, phong phú về chủng loại và đa dạng về kiểu dáng. Đến chợ gốm Bát Tràng, du khách không chỉ mua bán mà còn được người dân nơi đây giới thiệu công nghệ tinh xảo của sản phẩm làng gốm. Chợ gốm Bát Tràng còn là một điểm du lịch rất thu hút du khách, từ thanh thiếu niên cho đến khách nước ngoài, nhất là vào dịp cuối tuần. Đến đây du khách có thể thoả thích ngắm nhìn, sờ tận tay những sản phẩm gốm thuần Bát Tràng. Từ những loại bình lọ, bát... kiểu dáng và màu sắc đương đại đến những loại chén đĩa cổ được phục chế, các bộ tranh, tượng nghệ thuật từ chất liệu gốm. Không chỉ được tự do xem hàng, du khách còn được chủ hàng giới thiệu các công đoạn sản xuất của mẫu hàng, cách vẽ hoa văn, tô màu, phối màu men, đồng thời có thể tự tay nặn các sản phẩm cho mình, tự vẽ hoa văn trang trí theo ý thích. Chị Hoàng Thu Hương, một chủ hàng cho biết: “Các hộ gia đình đưa sản phẩm ra chợ gốm mục đích chính là giới thiệu sản phẩm truyền thống tới khách thập phương, không đặt yếu tố kinh doanh lên hàng đầu”.</p>\r\n<p> </p>\r\n<p>Có lẽ cũng chính vì thế, chợ gốm đã đưa du khách gần gũi hơn với sản phẩm gốm và người thợ. Các sản phẩm của bà con đưa ra chợ gốm đều có chất lượng cao, giá cả hợp lý. Hầu hết họ đều mong muốn các sản phẩm của mình sẽ được du khách yêu thích và tạo được chỗ đứng vững chắc trên thị trường. Không những vậy, đến Bát Tràng, du khách bất ngờ khi thấy những mặt hàng như cốc tình yêu, hộp hình trái tim, những quả cầu được trang trí ngộ nghĩnh, đến những chiếc thắt lưng, vòng cổ, vòng tay... được làm từ gốm. Có lẽ những nghệ nhân xưa không bao giờ nghĩ chúng sẽ xuất hiện trên kệ hàng của mình, nhưng chúng lại là những sản phẩm thu hút đông đảo du khách, nhất là giới trẻ. Không chỉ đa dạng các sản phẩm, du khách đến đây còn được xả stress với các trò ném đồ sứ hỏng, hay dạo quanh làng trên xe trâu...<br /><br /><img src=\"http://gomsubattrang.com/UserFiles/image/am-chen_su-bat-trang.jpg\" alt=\"\" width=\"500\" height=\"359\" /></p>\r\n<p> </p>\r\n<p>Giờ đây, <strong>gốm sứ Bát Tràng</strong> không những đã có mặt trên khắp mọi miền đất nước mà còn nổi tiếng ở thị trường nước ngoài. Sản phẩm của Bát Tràng đã được xuất khẩu sang châu Âu, Mỹ, Nhật, Đài Loan, Hàn Quốc... Sự phát triển của làng gốm Bát Tràng còn giải quyết được vấn đề thất nghiệp, tình trạng thiếu việc làm. Hơn 80% người dân trong làng sinh sống bằng nghề sản xuất gốm sứ. Sự phát triển sản xuất nhanh chóng tại đây không chỉ tạo đủ việc làm cho người dân địa phương mà còn thu hút khoảng 3.000 - 5.000 lao động ở những khu vực lân cận đến làm việc với mức lương 3.000.000 - 4.000.000 đồng/tháng.</p>\r\n<p> </p>\r\n<p>Rõ ràng thương hiệu gốm Bát Tràng đã khẳng định vị thế và tiềm năng trong quá trình phát triển và hội nhập quốc tế. Với đôi tay khéo léo của nguời thợ và công nghệ hiện đại, những sản phẩm gốm Bát Tràng chất lượng cao mang đậm giá trị nghệ thuật và bản sắc văn hoá dân tộc Việt Nam chắc chắn sẽ tiếp tục thu hút được sự quan tâm của khách hàng trong và ngoài nước...</p>\r\n<p> </p>', 13, 'A', '2016-12-24 20:26:56', 1, '2017-07-26 09:20:29', 1);
INSERT INTO `news` VALUES (7, 3, 'upload/images/news/con-nguoi-bat-trang.jpg', 'Quá trình nung sứ Bát Tràng', NULL, '<p><strong>Trước đây người thợ gốm Bát Tràng chuyên sử dụng các loại lò như lò ếch (hay lò cóc), lò đàn và lò bầu để nung gốm, sau này, xuất hiện thêm nhiều loại lò nung khác, càng ngày càng hiện đại và đơn giản trong việc thao tác hơn.</strong></p>\r\n<p><strong>Lò nung</strong><br /><br /><strong>Lò ếch</strong> là kiểu lò gốm cổ nhất được sử dụng một cách phổ biến ở khắp mọi nơi, hiện nay mất hết dấu tích nhưng qua các nguồn tư liệu gián tiếp vẫn có thể hình dung được lò có hình dáng giống như một con ếch dài khoảng 7 mét, bề ngang chỗ rộng nhất khoảng 3-4 mét, cửa lò rộng khoảng 1,2 mét, cao 1 mét. Đáy lò phẳng nằm ngang, vòm lò cao khoảng từ 2 mét đến 2,7 mét. Bên hông lò có một cửa ngách rộng 1 mét, cao 1,2 mét phục vụ cho việc chồng lò và dỡ sản phẩm. Lò có 3 ống khói thẳng đứng cao 3-3,5 mét. Trong mỗi bầu lò người ta chia thành 5 khu vực xếp sản phẩm là: hàng dàn, hàng gáy, hàng giữa, hàng chuột chạy và hàng mặt.<br /><br />Trong quá trình lâu dài sử dụng lò ếch, để khắc phục nhược điểm của lớp đất gia cố bên trong và sàn lò, người ta thay vào đó lớp gạch mộc và vữa ghép lại.<br /><br /><strong>Lò đàn</strong> xuất hiện vào giữa thế kỉ 19. Lò đàn có bầu lò dài 9 mét, rộng 2,5 mét, cao 2,6 mét được chia thành 10 bích bằng nhau. Vị trí phân cách giữa các bích là hai nống (cột). Cửa lò rộng 0,9 mét, cao l mét. Bích thứ 10 gọi là bích đậu thông với buồng thu khói qua 3 cửa hẹp. Để giữ nhiệt, bích lò kéo dài và ôm lấy buồng thu khói. Lớp vách trong ghép gạch Bát Tràng, lớp vách ngoài xây bằng gạch dân dụng. Mặt dưới của cật lò gần như bằng phẳng còn mặt trên hình vòng khum. Hai bên cật lò từ bích thứ 2 đến bích thứ 9 người ta dấu mở hai cửa nhỏ hình tròn, đường kính 0,2 mét gọi là các lỗ giòi để ném nhiên liệu vào trong bích. Riêng bích đậu người ta mở lỗ đậu (lỗ giòi rộng hơn nửa mét). Nhiệt độ lò đàn có thể đạt được 1250–1300°C.<br /><br /><strong>Lò bầu</strong>, hay lò rồng, xuất hiện vào đầu thế kỉ 20. Lò bầu chia ra làm nhiều ngăn, thường có từ 5 đến 7 bầu (cũng có khi đến 10 bầu). Bầu lò có vòm cuốn liên tiếp vuông góc với trục tiêu của lò tựa như những mảnh vỏ sò úp nối với nhau. Người ta dùng gạch chịu lửa đề xây dựng vòm cuốn của lò. Lò dài khoảng 13 mét cộng với đoạn để xây ống khói ở phía đuôi dài 2 mét thì toàn bộ độ dài của lò tới 15 mét. Độ nghiêng của trục lò khoảng 12-15⁰. Nhiệt độ của lò bầu có thể đạt tới 1300°C.<br /><br /><strong>Lò hộp hay lò đứng</strong>: Khoảng năm 1975 trở lại đây người Bát Tràng chuyển sang xây dựng lò hộp để nung gốm. Lò thường cao 10 đến 15 mét rộng 5 đến 6 mét vuông, bên trong xây bằng gạch chịu lửa giống như xây tường nhà. Lò mở hai cửa, kết cấu đơn giản, chiếm ít diện tích, chi phí xây lò không nhiều, tiện lợi cho quy mô gia đình. Vì thế hầu như gia đình nào cũng có lò gốm, thậm chí mỗi nhà có đến 2, 3 lò. Nhiệt độ lò có thể đạt 1250°C.</p>\r\n<table border=\"0\" width=\"100%\" cellspacing=\"1\" cellpadding=\"1\">\r\n<tbody>\r\n<tr>\r\n<td align=\"center\" valign=\"top\"><img src=\"http://battrangceramic.net/upload/hieunm/image/Su_gom/Lo_Dung_Bat_trang.jpg\" alt=\"Lò đứng hay còn gọi là lò hộp\" width=\"200\" height=\"300\" border=\"0\" hspace=\"8\" vspace=\"8\" /><br />Hình dáng lò nhìn bên ngoài</td>\r\n<td align=\"center\" valign=\"top\"><img src=\"http://battrangceramic.net/upload/hieunm/image/Lo/lo-hop.jpg\" alt=\"Lò hộp hay lò đứng\" width=\"304\" height=\"235\" border=\"0\" /><br />Bên trong lò hộp (lò đứng) các bánh than được người thợ \"nắm\" trước lên tường để có thể tiết kiệm thời gian cho than khi vào lò</td>\r\n</tr>\r\n</tbody>\r\n</table>\r\n<p><br /> <br /><strong>Lò con thoi</strong>, lò tuy-nen (lò hầm, lò liên tục): Trong những năm gần đây, Bát Tràng xuất hiện thêm những kiểu lò hiện đại là lò con thoi, hoặc lò tuy-nen, với nhiên liệu là than đá, khí đốt hoặc dầu, trong đó than đá là chủ yếu. Trong quá trình đốt, nhiệt độ được theo dõi qua hỏa kế, việc điều chỉnh nhiệt độ mà thực chất là quá trình tăng giảm nhiên liệu được thực hiện bán tự động hoặc tự động, công việc đốt lò trở nên đơn giản hơn nhiều. Lò chủ yếu sử dụng cho công nghệ hấp hoa đề can hoặc hấp hoa logo cho các sản phẩm gốm sứ. Tuy nhiên, đây không phải là những lò truyền thống của Bát Tràng.</p>\r\n<p><strong>Lò gas</strong> là lò được sử dụng rộng rãi trong làng nghề ngày nay, với ưu điểm: Không gây ô nhiễm môi trường, không gây bụi cho sản phẩm, dễ dàng điều chỉnh nhiệt độ của lò nung thích hợp cho việc sản xuất hàng gốm sứ cao cấp. tuy nhiên chi phí làm lò khá cao. Việc làm lò được tính theo thể tích lò, thường một lò có thể tích khoảng 10 mét khối trở lên. Bên ngoài là khung thép, bên trong là gạch chịu lửa hoặc bông chịu lửa, dưới đáy là để trống vì dưới là đường ray để đẩy hàng vào lò hoặc ra lò, dưới đáy xung quanh là hệ thống gas đưa vào để đốt</p>\r\n<p><img src=\"http://battrangceramic.net/upload/hieunm/image/Lo/Lo-nung-gas.jpg\" alt=\"Lò gas bát tràng\" width=\"450\" height=\"302\" border=\"0\" /></p>\r\n<p>Một lò gas đang được xây</p>\r\n<p><br /><strong>Bao nung</strong><br /><br />Trước đây, các lò gốm Bát Tràng dùng một loại gạch vuông ghép lại làm bao nung. Loại gạch này sau hai ba lần sử dụng trong lò đạt đến độ lửa cao và cứng gần như sành (đó chính là gạch Bát Tràng nổi tiếng).<br /><br />Gần đây bao nung thường được làm bằng đất sét chịu lửa (đất thó) có mầu xám sẫm trộn đều với bột gạch hoặc bao nung hỏng nghiền nhỏ (gọi là sam bốt) với tỉ lệ 25–35% đất sét và 65–75% sam bốt ngoài ra còn cho thêm đất Tuyên Quang để tăng tính chịu lủa của sản phẩm. Người ta dùng một lượng nước vừa đủ để trộn đều và đánh nhuyễn chất hỗn hợp này rồi đem in (dập) thành bao nung hay đóng thành gạch ghép ruột lò. Bao nung thường hình trụ để cho lửa có điều kiện tiếp xúc đều với sản phẩm. Tuỳ theo sản phẩm mà bao nung có kích thước không giống nhau nhưng phổ biến hơn cả là loại có đường kính từ 15 đến 30 cm, dày 2–5 cm và cao từ 5 đến 40 cm. Một bao nung có thể dùng từ 15 đến 20 lần.<br /><img src=\"http://battrangceramic.net/upload/hieunm/image/Lo/bao-nung.jpg\" alt=\"bao nung phơi trên sân\" width=\"600\" height=\"400\" border=\"0\" /><br />Những chiếc bao được in xong sẽ phơi trên sân đến khô. Nếu sản phẩm được đốt trong lò con thoi hoặc lò tuynen, thường không cần dùng bao nung.</p>\r\n<p><strong><br />Nhiên liệu</strong><br /><br />Đối với loại lò ếch có thể dùng các loại rơm, rạ, tre, nứa để đốt lò, sau đó Bát Tràng dùng kết hợp rơm rạ với các loại \"củi phác\" và \"củi bửa\" và sau nữa thì củi phác và củi bửa dần trở thành nguồn nhiên liệu chính cho các loại lò gốm ở Bát Tràng. Củi bửa và củi phác sau khi đã bổ được xếp thành đống ngoài trời, phơi sương nắng cho ải ra rồi mới đem sử dụng. Đối với loại lò đàn, tại bầu, người ta đốt củi phác còn củi bửa được dùng để đưa qua các lỗ giòi, lỗ đậu vào trong lò.<br /><br />Khi chuyển sang sử dụng lò đứng, nguồn nhiên liệu chính là than cám còn củi chỉ để gầy lò. Than cám đem nhào trộn kĩ với đất bùn theo tỷ lệ nhất định có thể đóng thành khuôn hay nặn thành bánh nhỏ phơi khô. Nhiều khi người ta nặn than ướt rồi đập lên tường khô để tường hút nước nhanh và than chóng kết cứng lại và có thể dùng được ngay.<br /> </p>\r\n<p><strong>Chồng lò</strong></p>\r\n<p><br />Sản phẩm mộc sau quá trình gia công hoàn chỉnh được đem vào lò nung. Việc xếp sản phẩm trong lò nung như thế nào là tuỳ theo sản phẩm và hình dáng kích, cỡ của bao nung trên nguyên tắc vừa sử dụng triệt để không gian trong lò vừa tiết kiệm được nhiên liệu mà lại đạt hiệu nhiệt cao. Bởi cấu tạo của mỗi loại lò khác nhau nên việc chồng lò theo từng loại lò cũng có những đặc điểm riêng. Đối với loại lò ếch, người ta xếp sản phẩm từ gáy lò ra tới cửa lò, còn đối với loại lò đàn thì người ta xếp sản phẩm từ bích thứ 2 đến bích thứ 10 (riêng bích thứ 10 vì lửa kém nên sản phẩm thường để trần không cần có bao nung ở ngoài). Ở bầu cũi lợn (bầu đầu tiên) nơi giành để đốt nhiên liệu, có nhiệt độ cao nên đôi khi người ta xếp các loại sản phẩm trong các bao ngoại cỡ. Sản phẩm được xếp trong lò bầu giống như lò đàn. Riêng đối với lò hộp, tất cả các sản phẩm đều được đặt trong các bao nung hình trụ không đậy nắp và xếp chồng cao dần từ đáy lên nóc, xung quanh tường lò và chỗ khoảng trống giữa các bao nung đều được chèn các viên than.<br /><br />Làng Bát Tràng xưa có các phường Chồng Lò, mỗi phường thường gồm 7 người (3 thợ cả, 3 thợ đệm và 1 thợ học việc). Họ chia thành 3 nhóm trong đó mỗi nhóm có 1 thợ cả và 1 thợ đệm, còn thợ học việc có nhiệm vụ bưng bao nung và sản phẩm mộc phục vụ cho cả 3 nhóm trên. Nhóm thứ nhất có nhiệm vụ chồng đáy (xếp bao nung và sản phẩm ba lớp từ đáy lên), nhóm thứ hai có nhiệm vụ chồng giữa (xếp ba lớp giữa), còn nhóm thứ ba là nhóm gọi mặt (xếp ba lớp cuối cùng ở vị trí cao nhất trong lò). Phường Chồng Lò ở Bát Tràng chủ yếu tập hợp những người thợ gốm ở Sài Sơn (Quốc Oai, Hà Tây) và Vân Đình (Mỹ Đức, Hà Tây) chuyên phục vụ chơ các lò gốm Bát Tràng.</p>\r\n<p><strong>Đốt lò</strong><br /><br />Nhìn chung đối với các loại lò ếch, lò đàn, lò bầu thì quy trình đốt lò đều tương tự nhau và với kinh nghiệm của mình, người \"thợ cả\" có thể làm chủ được ngọn lửa trong toàn bộ quá trình đốt lò. Ở lò đàn khoảng một nửa ngày kể từ khi nhóm lửa người ta đốt nhỏ lửa tại bầu cũi lợn để sấy lò và sản phẩm trong lò. Sau đó người ta tăng dần lửa ở bầu cũi lợn cho đến khi lửa đỏ lan tới bích thứ tư thì việc tiếp củi ở các bầu cũi lợn được dừng lại. Tiếp tục ném củi bửa qua các lỗ giòi. Người xuất cả bằng kinh nghiệm của mình kiểm tra kỹ các bích và ra lệnh ngừng ném củi bửa vào bích nào khi biết sản phẩm ở bích đó đã chín. Càng về cuối sản phẩm chín càng nhanh. Khi sản phẩm trong bích đậu đã sắp chín thì người thợ cả quyết định ném dồn dập trong vòng nửa tiếng khoảng 9-10 bó củi bửa qua lỗ đậu rồi kết thúc việc tiếp củi. Trong phường đốt lò, người phường trưởng (xuất cả) phụ trách chung về kỹ thuật, hai người thợ đốt ở cửa lò (đốt dưới), bốn người chuyên ném củi bửa qua cấc lỗ giòi (đốt trên).<br /><br />Sau khi nung xong người ta bịt hết các cửa lò, lỗ giòi, lỗ xem lửa để làm nguội từ từ. Quá trình làm nguội trong lò kéo dài 2 ngày 2 đêm, sau đó mới mở cửa lò và để tiếp 1 ngày 1 đêm nữa rồi mới tiến hành ra lò.<br /><br />Đối với lò đứng, việc đốt lò trở nên đơn giản hơn nhiều vì khi hoàn tất khâu chồng lò cũng có nghĩa là đã kết thúc việc nạp nhiên liệu. Thế nhưng do đặc điểm của lò, người thợ đốt lò dù có dầy dạn kinh nghiệm cũng rất khó có thể làm chủ được ngọn lửa, đây thực sự là vấn ra khó khăn nhất trong khâu kĩ thuật ở làng Bát Tràng. Người ta dùng gạch chịu lửa bịt cửa lò lại rồi nhóm lò bằng củi. Lửa cháy bén vào than và bốc từ dưới lên. Than trong lò cháy hết cũng là lúc kết thúc công việc đốt lò. Thời gian đốt lò kể từ lúc nhóm lửa đến khi hoàn toàn tắt lửa kéo dài khoảng 3 ngày 3 đêm. Sau khi lò nguội, sản phẩm ra lò được đánh giá phân loại và sửa chữa lại các khuyết tật (nếu có thể được) trước khi đem ra phân phối sử dụng.</p>', 11, 'A', '2017-01-03 22:52:14', 1, '2017-05-06 13:21:16', 1);
INSERT INTO `news` VALUES (8, 3, 'upload/images/news/con-nguoi-bat-trang.jpg', 'Nét đặc trưng riêng của gốm sứ men rạn', '', '<p>Là một người đam mê, yêu thích gốm sứ, chắc hẳn bạn cũng phải biết rõ rằng các tiêu chí như chất liệu, thiết kế, màu sắc chính là những điều kiện tiên quyết để hướng tới chọn lựa sưu tầm một vật dụng gốm sứ nào rồi đúng không. Đặc biệt hơn khi nói đến chất liệu, những khái niệm như <a href=\"http://nhatgom.com/net-dac-trung-rieng-cua-gom-su-men-ran-va-gom-su-men-lam\"><strong>gốm sứ men rạn</strong></a> hay men lam vẫn còn làm cho người sử dụng rất mơ hồ, sau đây cùng tìm hiểu rõ hơn về chúng để mở mang thêm kiến thức về gốm sứ của bạn.</p>\r\n<p style=\"text-align: center;\"><img alt=\"Nét đặc trưng riêng của gốm sứ men rạn và gốm sứ men lam\" data-thumb=\"original\" original-height=\"325\" original-width=\"600\" src=\"http://bizweb.dktcdn.net/100/156/330/files/net-dac-trung-rieng-cua-gom-su-men-ran-va-gom-su-men-lam-3-512874b8-5f50-4cd0-bfe9-f39053e74309.jpg?v=1496120624097\" /></p>\r\n<p>Trước tiên hãy đi sâu vào việc tìm hiểu dòng men rạn trước nhé. Dòng <strong>gốm sứ men rạn</strong> suy cho cùng cũng chỉ là một loại gốm mà thôi, thế nhưng việc tạo nên loại men rạn phải đòi hỏi tay nghề cao của các nghệ nhân, rất công phu và phức tạp. Các nghệ nhân phải có kinh nghiệm cũng như kĩ năng để kết hợp lại các đặc tính, bản chất của xương gốm sao cho đúng tỉ lệ, phù hợp trong từng yếu tố. Gốm men rạn khi hình thành chính là kết quả cho sự kết hợp của chất liệu gốm, một lớp phủ men rạn có độ dày đạt khoảng 0.15 - 0.4mm của xương ốm. Các thành phần trên được trộn lại với nhau theo tỉ lệ chuẩn mực nhất được các nghệ nhân đúc kết lại là: đất sét xanh (10 phần), giả đất (3 phần), cát già (4 phần). Điều đặc biệt ở đây chính là việc khi xảy ra hiện tượng men gốm và xương gốm có sự chênh lệch nhau về hệ số giãn nở nhiệt thì sẽ sinh ra những vết rạn (rạn chân chim, rạn hạt vừng), thành phần men gốm càng nhiều thì khi xuất hiện rạn, độ rạn sẽ càng cao hơn và càng làm tăng độ bền của sản phẩm. Các sản phẩm <strong>gốm sứ men rạn</strong> thường thấy trong cuộc sống hằng ngày chính là những loại sản phẩm dùng để trang trí như bình hoa, chậu hoa, ... tôn vinh nét đẹp, vẻ đẹp của không gian.</p>\r\n<p style=\"text-align: center;\"><img alt=\"Nét đặc trưng riêng của gốm sứ men rạn và gốm sứ men lam\" data-thumb=\"original\" original-height=\"256\" original-width=\"600\" src=\"http://bizweb.dktcdn.net/100/156/330/files/net-dac-trung-rieng-cua-gom-su-men-ran-va-gom-su-men-lam-1-c8812123-5a84-4b5b-8f47-2aad6e9c61b1.jpg?v=1496120604488\" /></p>\r\n<p>Về dòng gốm sứ men lam ( men xanh) được sản xuất và cho ra đời nhờ vào thành phần chính là oxit cobalt, giúp mang lại cho người sử dụng, người sưu tầm những cảm giác hết sức dễ chịu và thoải mái, làm tăng nét thanh lịch, nhã nhặn. Với những điều trên thì men lam cũng rất được yêu thích trong giới chơi đồ gốm. Vào thế kỉ 14, từ rất sớm, những nghệ nhân gốm sứ lâu năm, lành nghề tại Bát Tràng đã biết cách sử dụng loại oxit cobalt để có thể làm ra màu vẽ lên các vật phẩm gốm sứ, tạo ra những sản phẩm cực kì tinh xảo, mang đậm nét đặc trưng của Bát Tràng. Tìm hiểu rõ hơn về men xanh, thì xanh cũng có rất nhiều cấp độ ngả màu, từ xanh chì cho đến xanh rất sẫm. Nhận định chung về màu sắc của rất nhiều người chơi gốm sứ, đặc biệt là dòng gốm men lam của Bát Tràng chính là dòng gốm này có sắc trầm, nhẹ dịu, khác biệt hẳn so với sự tươi vui toát ra từ trong màu xanh của dòng gốm sứ Trung Hoa sản xuất cùng thời điểm đó.</p>\r\n<p style=\"text-align: center;\"><img alt=\"Nét đặc trưng riêng của gốm sứ men rạn và gốm sứ men lam\" data-thumb=\"original\" original-height=\"335\" original-width=\"600\" src=\"http://bizweb.dktcdn.net/100/156/330/files/net-dac-trung-rieng-cua-gom-su-men-ran-va-gom-su-men-lam-2-179af5f8-a51d-41d6-b454-010c15ff578d.jpg?v=1496120645693\" /></p>\r\n<p>Với các đặc điểm trên đây, hi vọng những người đam mê, yêu thích gốm sứ đặc biệt là các dòng <strong>gốm sứ men rạn</strong>, men lam có thể phân biệt được để chọn lựa và mua cho mình những vật dụng gốm sứ phù hợp với sở thích của mình.</p>', 88, 'A', '2017-01-03 22:54:26', 1, '2017-07-26 09:02:02', 1);

-- ----------------------------
-- Table structure for news_category
-- ----------------------------
DROP TABLE IF EXISTS `news_category`;
CREATE TABLE `news_category`  (
  `news_category_id` int(11) NOT NULL AUTO_INCREMENT,
  `name` varchar(255) CHARACTER SET utf8 COLLATE utf8_unicode_ci NOT NULL,
  `parent_id` int(11) NOT NULL,
  `image` varchar(255) CHARACTER SET latin1 COLLATE latin1_swedish_ci NULL DEFAULT NULL,
  `crt_date` datetime(0) NULL DEFAULT NULL,
  `crt_by` int(11) NULL DEFAULT NULL,
  `mod_date` datetime(0) NULL DEFAULT NULL,
  `mod_by` int(11) NULL DEFAULT NULL,
  PRIMARY KEY (`news_category_id`) USING BTREE
) ENGINE = InnoDB AUTO_INCREMENT = 4 CHARACTER SET = latin1 COLLATE = latin1_swedish_ci ROW_FORMAT = Compact;

-- ----------------------------
-- Records of news_category
-- ----------------------------
INSERT INTO `news_category` VALUES (1, 'Giới thiệu Bát Tràng', 0, 'upload/images/no-image.png', '2016-08-09 11:06:15', 1, '2018-05-05 16:10:05', 1);
INSERT INTO `news_category` VALUES (2, 'Con người và nghề gốm', 0, 'upload/images/no-image.png', '2016-08-09 11:06:25', 1, '2016-12-19 14:25:38', 1);
INSERT INTO `news_category` VALUES (3, 'Kiến thức và nghệ thuật', 0, 'upload/images/no-image.png', '2017-01-03 00:00:00', 1, NULL, NULL);

-- ----------------------------
-- Table structure for news_comment
-- ----------------------------
DROP TABLE IF EXISTS `news_comment`;
CREATE TABLE `news_comment`  (
  `comment_id` int(11) NOT NULL AUTO_INCREMENT,
  `news_id` int(11) NULL DEFAULT NULL,
  `parent_id` int(11) NULL DEFAULT NULL,
  `comment` text CHARACTER SET utf8 COLLATE utf8_general_ci NULL,
  `crt_date` datetime(0) NULL DEFAULT NULL,
  `crt_by` int(11) NULL DEFAULT NULL,
  PRIMARY KEY (`comment_id`) USING BTREE
) ENGINE = InnoDB AUTO_INCREMENT = 1 CHARACTER SET = latin1 COLLATE = latin1_swedish_ci ROW_FORMAT = Compact;

-- ----------------------------
-- Table structure for news_tag
-- ----------------------------
DROP TABLE IF EXISTS `news_tag`;
CREATE TABLE `news_tag`  (
  `news_tag_id` int(11) NOT NULL AUTO_INCREMENT,
  `name` varchar(255) CHARACTER SET utf8 COLLATE utf8_general_ci NULL DEFAULT NULL,
  `description` text CHARACTER SET utf8 COLLATE utf8_general_ci NULL,
  PRIMARY KEY (`news_tag_id`) USING BTREE
) ENGINE = InnoDB AUTO_INCREMENT = 9 CHARACTER SET = latin1 COLLATE = latin1_swedish_ci ROW_FORMAT = Compact;

-- ----------------------------
-- Records of news_tag
-- ----------------------------
INSERT INTO `news_tag` VALUES (1, 'Vua Gốm Sứ', '');
INSERT INTO `news_tag` VALUES (2, 'Làng nghề bát tràng', '');
INSERT INTO `news_tag` VALUES (3, 'Gốm bát tràng', '');
INSERT INTO `news_tag` VALUES (7, 'gốm sứ men rạn', '');
INSERT INTO `news_tag` VALUES (8, 'gốm sứ', '');

-- ----------------------------
-- Table structure for news_tag_map
-- ----------------------------
DROP TABLE IF EXISTS `news_tag_map`;
CREATE TABLE `news_tag_map`  (
  `news_tag_map_id` int(11) NOT NULL AUTO_INCREMENT,
  `news_tag_id` int(11) NOT NULL,
  `news_id` int(11) NOT NULL,
  PRIMARY KEY (`news_tag_map_id`) USING BTREE
) ENGINE = InnoDB AUTO_INCREMENT = 22 CHARACTER SET = latin1 COLLATE = latin1_swedish_ci ROW_FORMAT = Compact;

-- ----------------------------
-- Records of news_tag_map
-- ----------------------------
INSERT INTO `news_tag_map` VALUES (1, 1, 4);
INSERT INTO `news_tag_map` VALUES (3, 2, 3);
INSERT INTO `news_tag_map` VALUES (4, 1, 3);
INSERT INTO `news_tag_map` VALUES (10, 2, 1);
INSERT INTO `news_tag_map` VALUES (13, 3, 2);
INSERT INTO `news_tag_map` VALUES (14, 1, 5);
INSERT INTO `news_tag_map` VALUES (15, 2, 4);
INSERT INTO `news_tag_map` VALUES (20, 7, 8);
INSERT INTO `news_tag_map` VALUES (21, 8, 8);

SET FOREIGN_KEY_CHECKS = 1;
